{
  "timestamp": "2025-12-02T01:26:51.753826",
  "total_timesteps": 10000,
  "results": {
    "total_steps": 10240,
    "sell_pct": 33.125,
    "hold_pct": 33.02734375,
    "buy_pct": 33.84765625,
    "positions_opened": 0,
    "total_trades": 0
  },
  "success": false,
  "train_time_seconds": 20.130733966827393
}